participant,Age:1,Gender:1,chooserandom1:1,xb_01:1,xb_02:1,xb_03:1,xb_04:1,xb_05:1,xb_06:1,xb_07:1,xb_08:1,xb_09:1,xb_10:1,xb_11:1,xb_12:1,xb_13:1,xb_14:1,xb_15:1,xb_16:1,xb_17:1,xb_18:1,xb_19:1,xb_20:1,xb_21:1,xb_22:1,xb_23:1,xb_24:1,xb_25:1,xb_26:1,xb_27:1,xb_28:1,xb_29:1,xb_30:1,xb_31:1,xb_32:1,xb_33:1,xb_34:1,xb_35:1,xb_101:1,xb_102:1,xb_103:1,xb_104:1,xb_105:1,xb_106:1,xb_107:1,xb_108:1,xb_109:1,xb_110:1,xb_111:1,xb_112:1,xb_113:1,xb_114:1,xb_115:1,xb_116:1,xb_117:1,xb_118:1,xb_119:1,xb_120:1,xb_121:1,xb_122:1,xb_123:1,xb_124:1,xb_125:1,xb_126:1,xb_127:1,xb_128:1,xb_129:1,xb_130:1,xb_131:1,xb_132:1,xb_133:1,xb_134:1,xb_135:1,xb_36:1,xb_37:1,xb_38:1,xb_39:1,xb_40:1,xb_41:1,xb_42:1,xb_43:1,xb_44:1,xb_45:1,xb_46:1,xb_47:1,xb_48:1,xb_49:1,xb_50:1,xb_51:1,xb_52:1,xb_53:1,xb_54:1,xb_55:1,xb_56:1,xb_57:1,xb_58:1,xb_59:1,xb_60:1,xb_61:1,xb_62:1,xb_63:1,xb_64:1,xb_65:1,xb_66:1,xb_67:1,xb_68:1,xb_69:1,xb_70:1,xb_136:1,xb_137:1,xb_138:1,xb_139:1,xb_140:1,xb_141:1,xb_142:1,xb_143:1,xb_144:1,xb_145:1,xb_146:1,xb_147:1,xb_148:1,xb_149:1,xb_150:1,xb_151:1,xb_152:1,xb_153:1,xb_154:1,xb_155:1,xb_156:1,xb_157:1,xb_158:1,xb_159:1,xb_160:1,xb_161:1,xb_162:1,xb_163:1,xb_164:1,xb_165:1,xb_166:1,xb_167:1,xb_168:1,xb_169:1,xb_170:1,sd_01:1,sd_02:1,sd_03:1,sd_04:1,sd_05:1,sd_06:1,sd_07:1,sd_08:1,sd_09:1,sd_10:1,sd_11:1,sd_12:1,sd_13:1,sd_14:1,sd_15:1,sd_16:1,sd_17:1,sd_18:1,sd_19:1,sd_20:1,sd_21:1,sd_22:1,sd_23:1,sd_24:1,sd_25:1,sd_26:1,sd_27:1,sd_28:1,sd_29:1,sd_30:1,sd_31:1,sd_32:1,sd_33:1,sd_34:1,sd_35:1,sd_101:1,sd_102:1,sd_103:1,sd_104:1,sd_105:1,sd_106:1,sd_107:1,sd_108:1,sd_109:1,sd_110:1,sd_111:1,sd_112:1,sd_113:1,sd_114:1,sd_115:1,sd_116:1,sd_117:1,sd_118:1,sd_119:1,sd_120:1,sd_121:1,sd_122:1,sd_123:1,sd_124:1,sd_125:1,sd_126:1,sd_127:1,sd_128:1,sd_129:1,sd_130:1,sd_131:1,sd_132:1,sd_133:1,sd_134:1,sd_135:1,sd_36:1,sd_37:1,sd_38:1,sd_39:1,sd_40:1,sd_41:1,sd_42:1,sd_43:1,sd_44:1,sd_45:1,sd_46:1,sd_47:1,sd_48:1,sd_49:1,sd_50:1,sd_51:1,sd_52:1,sd_53:1,sd_54:1,sd_55:1,sd_56:1,sd_57:1,sd_58:1,sd_59:1,sd_60:1,sd_61:1,sd_62:1,sd_63:1,sd_64:1,sd_65:1,sd_66:1,sd_67:1,sd_68:1,sd_69:1,sd_70:1,sd_136:1,sd_137:1,sd_138:1,sd_139:1,sd_140:1,sd_141:1,sd_142:1,sd_143:1,sd_144:1,sd_145:1,sd_146:1,sd_147:1,sd_148:1,sd_149:1,sd_150:1,sd_151:1,sd_152:1,sd_153:1,sd_154:1,sd_155:1,sd_156:1,sd_157:1,sd_158:1,sd_159:1,sd_160:1,sd_161:1,sd_162:1,sd_163:1,sd_164:1,sd_165:1,sd_166:1,sd_167:1,sd_168:1,sd_169:1,sd_170:1,mc_01:1,mc_02:1,mc_03:1,mc_04:1,mc_05:1,mc_06:1,mc_07:1,mc_08:1,mc_09:1,mc_10:1,mc_11:1,mc_12:1,mc_13:1,mc_14:1,mc_15:1,mc_16:1,mc_17:1,mc_18:1,mc_19:1,mc_20:1,mc_21:1,mc_22:1,mc_23:1,mc_24:1,mc_25:1,mc_26:1,mc_27:1,mc_28:1,mc_29:1,mc_30:1,mc_31:1,mc_32:1,mc_33:1,mc_34:1,mc_35:1,mc_101:1,mc_102:1,mc_103:1,mc_104:1,mc_105:1,mc_106:1,mc_107:1,mc_108:1,mc_109:1,mc_110:1,mc_111:1,mc_112:1,mc_113:1,mc_114:1,mc_115:1,mc_116:1,mc_117:1,mc_118:1,mc_119:1,mc_120:1,mc_121:1,mc_122:1,mc_123:1,mc_124:1,mc_125:1,mc_126:1,mc_127:1,mc_128:1,mc_129:1,mc_130:1,mc_131:1,mc_132:1,mc_133:1,mc_134:1,mc_135:1,mc_36:1,mc_37:1,mc_38:1,mc_39:1,mc_40:1,mc_41:1,mc_42:1,mc_43:1,mc_44:1,mc_45:1,mc_46:1,mc_47:1,mc_48:1,mc_49:1,mc_50:1,mc_51:1,mc_52:1,mc_53:1,mc_54:1,mc_55:1,mc_56:1,mc_57:1,mc_58:1,mc_59:1,mc_60:1,mc_61:1,mc_62:1,mc_63:1,mc_64:1,mc_65:1,mc_66:1,mc_67:1,mc_68:1,mc_69:1,mc_70:1,mc_136:1,mc_137:1,mc_138:1,mc_139:1,mc_140:1,mc_141:1,mc_142:1,mc_143:1,mc_144:1,mc_145:1,mc_146:1,mc_147:1,mc_148:1,mc_149:1,mc_150:1,mc_151:1,mc_152:1,mc_153:1,mc_154:1,mc_155:1,mc_156:1,mc_157:1,mc_158:1,mc_159:1,mc_160:1,mc_161:1,mc_162:1,mc_163:1,mc_164:1,mc_165:1,mc_166:1,mc_167:1,mc_168:1,mc_169:1,mc_170:1,choose_random2:1,mdw_01:1,mdw_02:1,mdw_03:1,mdw_04:1,mdw_05:1,mdw_06:1,mdw_07:1,mdw_08:1,mdw_09:1,mdw_10:1,mdw_11:1,mdw_12:1,mdw_13:1,mdw_14:1,mdw_15:1,mdw_16:1,mdw_17:1,mdw_18:1,mdw_19:1,mdw_20:1,mdw_21:1,mdw_22:1,mdw_23:1,mdw_24:1,mdw_25:1,mdw_26:1,mdw_27:1,mdw_28:1,mdw_29:1,mdw_30:1,mdw_31:1,mdw_32:1,mdw_33:1,mdw_34:1,mdw_35:1,mdw_136:1,mdw_137:1,mdw_138:1,mdw_139:1,mdw_140:1,mdw_141:1,mdw_142:1,mdw_143:1,mdw_144:1,mdw_145:1,mdw_146:1,mdw_147:1,mdw_148:1,mdw_149:1,mdw_115:1,mdw_116:1,mdw_117:1,mdw_118:1,mdw_119:1,mdw_120:1,mdw_121:1,mdw_122:1,mdw_123:1,mdw_124:1,mdw_125:1,mdw_126:1,mdw_127:1,mdw_128:1,mdw_129:1,mdw_130:1,mdw_131:1,mdw_132:1,mdw_133:1,mdw_134:1,mdw_135:1,mdm_01:1,mdm_02:1,mdm_03:1,mdm_04:1,mdm_05:1,mdm_06:1,mdm_07:1,mdm_08:1,mdm_09:1,mdm_10:1,mdm_11:1,mdm_12:1,mdm_13:1,mdm_14:1,mdm_15:1,mdm_16:1,mdm_17:1,mdm_18:1,mdm_19:1,mdm_20:1,mdm_21:1,mdm_22:1,mdm_23:1,mdm_24:1,mdm_25:1,mdm_26:1,mdm_27:1,mdm_28:1,mdm_29:1,mdm_30:1,mdm_31:1,mdm_32:1,mdm_33:1,mdm_34:1,mdm_35:1,mdm_101:1,mdm_102:1,mdm_103:1,mdm_104:1,mdm_105:1,mdm_106:1,mdm_107:1,mdm_108:1,mdm_109:1,mdm_110:1,mdm_111:1,mdm_112:1,mdm_113:1,mdm_114:1,mdm_115:1,mdm_116:1,mdm_117:1,mdm_118:1,mdm_119:1,mdm_120:1,mdm_121:1,mdm_122:1,mdm_123:1,mdm_124:1,mdm_125:1,mdm_126:1,mdm_127:1,mdm_128:1,mdm_129:1,mdm_130:1,mdm_131:1,mdm_132:1,mdm_133:1,mdm_134:1,mdm_135:1,mdw_36:1,mdw_37:1,mdw_38:1,mdw_39:1,mdw_40:1,mdw_41:1,mdw_42:1,mdw_43:1,mdw_44:1,mdw_45:1,mdw_46:1,mdw_47:1,mdw_48:1,mdw_49:1,mdw_50:1,mdw_51:1,mdw_52:1,mdw_53:1,mdw_54:1,mdw_55:1,mdw_56:1,mdw_57:1,mdw_58:1,mdw_59:1,mdw_60:1,mdw_61:1,mdw_62:1,mdw_63:1,mdw_64:1,mdw_65:1,mdw_66:1,mdw_67:1,mdw_68:1,mdw_69:1,mdw_70:1,mdw_101:1,mdw_102:1,mdw_103:1,mdw_104:1,mdw_105:1,mdw_106:1,mdw_107:1,mdw_108:1,mdw_109:1,mdw_110:1,mdw_111:1,mdw_112:1,mdw_113:1,mdw_114:1,mdw_150:1,mdw_151:1,mdw_152:1,mdw_153:1,mdw_154:1,mdw_155:1,mdw_156:1,mdw_157:1,mdw_158:1,mdw_159:1,mdw_160:1,mdw_161:1,mdw_162:1,mdw_163:1,mdw_164:1,mdw_165:1,mdw_166:1,mdw_167:1,mdw_168:1,mdw_169:1,mdw_170:1,mdm_36:1,mdm_37:1,mdm_38:1,mdm_39:1,mdm_40:1,mdm_41:1,mdm_42:1,mdm_43:1,mdm_44:1,mdm_45:1,mdm_46:1,mdm_47:1,mdm_48:1,mdm_49:1,mdm_50:1,mdm_51:1,mdm_52:1,mdm_53:1,mdm_54:1,mdm_55:1,mdm_56:1,mdm_57:1,mdm_58:1,mdm_59:1,mdm_60:1,mdm_61:1,mdm_62:1,mdm_63:1,mdm_64:1,mdm_65:1,mdm_66:1,mdm_67:1,mdm_68:1,mdm_69:1,mdm_70:1,mdm_136:1,mdm_137:1,mdm_138:1,mdm_139:1,mdm_140:1,mdm_141:1,mdm_142:1,mdm_143:1,mdm_144:1,mdm_145:1,mdm_146:1,mdm_147:1,mdm_148:1,mdm_149:1,mdm_150:1,mdm_151:1,mdm_152:1,mdm_153:1,mdm_154:1,mdm_155:1,mdm_156:1,mdm_157:1,mdm_158:1,mdm_159:1,mdm_160:1,mdm_161:1,mdm_162:1,mdm_163:1,mdm_164:1,mdm_165:1,mdm_166:1,mdm_167:1,mdm_168:1,mdm_169:1,mdm_170:1,ft_01:1,ft_02:1,ft_03:1,ft_04:1,ft_05:1,ft_06:1,ft_07:1,ft_08:1,ft_09:1,ft_10:1,ft_11:1,ft_12:1,ft_13:1,ft_14:1,ft_15:1,ft_16:1,ft_17:1,ft_18:1,ft_19:1,ft_20:1,ft_21:1,ft_22:1,ft_23:1,ft_24:1,ft_25:1,ft_26:1,ft_27:1,ft_28:1,ft_29:1,ft_30:1,ft_31:1,ft_32:1,ft_33:1,ft_34:1,ft_35:1,ft_101:1,ft_102:1,ft_103:1,ft_104:1,ft_105:1,ft_106:1,ft_107:1,ft_108:1,ft_109:1,ft_110:1,ft_111:1,ft_112:1,ft_113:1,ft_114:1,ft_115:1,ft_116:1,ft_117:1,ft_118:1,ft_119:1,ft_120:1,ft_121:1,ft_122:1,ft_123:1,ft_124:1,ft_125:1,ft_126:1,ft_127:1,ft_128:1,ft_129:1,ft_130:1,ft_131:1,ft_132:1,ft_133:1,ft_134:1,ft_135:1,ft_36:1,ft_37:1,ft_38:1,ft_39:1,ft_40:1,ft_41:1,ft_42:1,ft_43:1,ft_44:1,ft_45:1,ft_46:1,ft_47:1,ft_48:1,ft_49:1,ft_50:1,ft_51:1,ft_52:1,ft_53:1,ft_54:1,ft_55:1,ft_56:1,ft_57:1,ft_58:1,ft_59:1,ft_60:1,ft_61:1,ft_62:1,ft_63:1,ft_64:1,ft_65:1,ft_66:1,ft_67:1,ft_68:1,ft_69:1,ft_70:1,ft_136:1,ft_137:1,ft_138:1,ft_139:1,ft_140:1,ft_141:1,ft_142:1,ft_143:1,ft_144:1,ft_145:1,ft_146:1,ft_147:1,ft_148:1,ft_149:1,ft_150:1,ft_151:1,ft_152:1,ft_153:1,ft_154:1,ft_155:1,ft_156:1,ft_157:1,ft_158:1,ft_159:1,ft_160:1,ft_161:1,ft_162:1,ft_163:1,ft_164:1,ft_165:1,ft_166:1,ft_167:1,ft_168:1,ft_169:1,ft_170:1,TIME_start,TIME_end,TIME_total
s.3313a345-6cf0-413b-b63d-07edd42a82b1.txt,19,female,1,2,2,2,1,1,1,1,2,2,1,1,1,1,1,2,2,2,1,1,1,1,2,2,2,1,1,1,1,2,2,2,1,1,1,1,"","","","","","","","","","","","","","","","","","","","","","","","","","","","","","","","","","","",2,2,2,1,1,1,1,2,2,1,1,1,1,1,2,2,2,1,1,1,1,2,2,2,1,1,1,1,2,2,2,2,1,1,1,"","","","","","","","","","","","","","","","","","","","","","","","","","","","","","","","","","","","","","","","","","","","","","","","","","","","","","","","","","","","","","","","","","","","","","","","","","","","","","","","","","","","","","","","","","","","","","","","","","","","","","","","","","","","","","","","","","","","","","","","","","","","","","","","","","","","","","","","","","","","","","","","","","","","","","","","","","","","","","","","","","","","","","","","","","","","","","","","","","","","","","","","","","","","","","","","","","","","","","","","","","","","","","","","","","","","","","","","","","","","","","","","","","","","","","","","","","","","","","","","","","","","","","","","","","","","","","","","","","","","","","","","","","","","","","","","","","","","","","","","","","","","","","","","","","","","","","","","","","","","","","","","","","","","","","","","","","","","","","","","","","","","","","","","","","","","","","","","","","","","","","","","","","","","","","","","","","","","","","","","","","","","","","","","","","","","","","","","","","","","","","","","","","","","","","","","","","","","","","","","","","","","","","","","","","","","","","","","","","","","","","","","","","","","","","","","","","","","","","","","","","","","","","","","","","","","","","","","","","","","","","","","","","","","","","","","","","","","","","","","","","","","","","","","","","","","","","","","","","","","","","","","","","","","","","","","","","","","","","","","","","","","","","","","","","","","","","","","","","","","","","","","","","","","","","","","","","","","","","","","","","","","","","","","","","","","","","","","","","","","","","","","","","","","","","","","","","","","","","","","","","","","","","","","","","","","","","","","","","","","","","","","","","","","","","","","","","","","","","","","","","","","","","","","","","","","","","","","","","","","","","","","","","","","","","","","","","","","","","","","","","","","","","","","","","","","","","","","","","","","","","","","","","","","","","","","","","","","","","","","","","","","","","","","","","","","","","","","",2022-02-03-16-00,2022-02-03-16-04,4,
s.8335e73c-9a4f-4050-b83c-c68cd971b724.txt,25,Female,2,"","","","","","","","","","","","","","","","","","","","","","","","","","","","","","","","","","","","","","","","","","","","","","","","","","","","","","","","","","","","","","","","","","","","","","","","","","","","","","","","","","","","","","","","","","","","","","","","","","","","","","","","","","","","","","","","","","","","","","","","","","","","","","","","","","","","","","","","","","","","",100,76,88,25,52,0,7,73,100,62,41,0,0,0,100,100,100,77,3,0,0,100,100,98,50,19,0,6,100,94,96,50,52,45,0,"","","","","","","","","","","","","","","","","","","","","","","","","","","","","","","","","","","",100,98,63,71,0,0,0,100,70,50,51,0,0,0,100,85,100,0,0,3,0,86,100,76,60,61,0,0,100,100,100,81,0,0,0,"","","","","","","","","","","","","","","","","","","","","","","","","","","","","","","","","","","","","","","","","","","","","","","","","","","","","","","","","","","","","","","","","","","","","","","","","","","","","","","","","","","","","","","","","","","","","","","","","","","","","","","","","","","","","","","","","","","","","","","","","","","","","","","","","","","","","","","","","","","","","","","","","","","","","","","","","","","","","","","","","","","","","","","","","","","","","","","","","","","","","","","","","","","","","","","","","","","","","","","","","","","","","","","","","","","","","","","","","","","","","","","","","","","","","","","","","","","","","","","","","","","","","","","","","","","","","","","","","","","","","","","","","","","","","","","","","","","","","","","","","","","","","","","","","","","","","","","","","","","","","","","","","","","","","","","","","","","","","","","","","","","","","","","","","","","","","","","","","","","","","","","","","","","","","","","","","","","","","","","","","","","","","","","","","","","","","","","","","","","","","","","","","","","","","","","","","","","","","","","","","","","","","","","","","","","","","","","","","","","","","","","","","","","","","","","","","","","","","","","","","","","","","","","","","","","","","","","","","","","","","","","","","","","","","","","","","","","","","","","","","","","","","","","","","","","","","","","","","","","","","","","","","","","","","","","","","","","","","","","","","","","","","","","","","","","","","","","","","","","","","","","","","","","","","","","","","","","","","","","","","","","","","","","","","","","","","","","","","","","","","","","","","","","","","","","","","","","","",2022-02-04-10-56,2022-02-04-11-03,7,
s.efacacaa-2fdf-46b5-89b7-d250769678ee.txt,20,female,1,2,2,2,2,1,1,1,2,2,2,1,1,1,1,2,2,2,2,2,1,1,2,2,2,2,1,1,1,2,2,2,2,1,1,1,"","","","","","","","","","","","","","","","","","","","","","","","","","","","","","","","","","","",2,2,1,1,1,1,1,2,2,2,1,1,1,1,2,2,1,2,1,1,1,2,2,2,1,2,1,1,2,2,2,2,1,1,1,"","","","","","","","","","","","","","","","","","","","","","","","","","","","","","","","","","","","","","","","","","","","","","","","","","","","","","","","","","","","","","","","","","","","","","","","","","","","","","","","","","","","","","","","","","","","","","","","","","","","","","","","","","","","","","","","","","","","","","","","","","","","","","","","","","","","","","","","","","","","","","","","","","","","","","","","","","","","","","","","","","","","","","","","","","","","","","","","","","","","","","","","","","","","","","","","","","","","","","","","","","","","","","","","","","","","","","","","","","","","","","","","","","","","","","","","","","","","","","","","","","","","","","","","","","","","","","","","","","","","","","","","","","","","","","","","","","","","","","","","","","","","","","","","","","","","","","","","","","","","","","","","","","","","","","","","","","","","","","","","","","","","","","","","","","","","","","","","","","","","","","","","","","","","","","","","","","","","","","","","","","","","","","","","","","","","","","","","","","","","","","","","","","","","","","","","","","","","","","","","","","","","","","","","","","","","","","","","","","","","","","","","","","","","","","","","","","","","","","","","","","","","","","","","","","","","","","","","","","","","","","","","","","","","","","","","","","","","","","","","","","","","","","","","","","","","","","","","","","","","","","","","","","","","","","","","","","","","","","","","","","","","","","","","","","","","","","","","","","","","","","","","","","","","","","","","","","","","","","","","","","","","","","","","","","","","","","","","","","","","","","","","","","","","","","","","","","","","","","","","","","","","","","","","","","","","","","","","","","","","","","","","","","","","","","","","","","","","","","","","","","","","","","","","","","","","","","","","","","","","","","","","","","","","","","","","","","","","","","","","","","","","","","","","","","","","","","","","","","","","","","","","","","","","","","","","","","","","","","","","","","","","","","","","","","","","","","","","",2022-02-03-12-35,2022-02-03-12-43,8,
s.c1f81266-c737-48f5-ad14-94756f0f5c92.txt,23,female,2,"","","","","","","","","","","","","","","","","","","","","","","","","","","","","","","","","","","","","","","","","","","","","","","","","","","","","","","","","","","","","","","","","","","","","","","","","","","","","","","","","","","","","","","","","","","","","","","","","","","","","","","","","","","","","","","","","","","","","","","","","","","","","","","","","","","","","","","","","","","","",100,86,75,52,24,6,10,100,100,86,78,23,27,0,96,87,68,64,65,38,20,98,91,73,71,32,10,7,99,73,63,22,50,24,0,"","","","","","","","","","","","","","","","","","","","","","","","","","","","","","","","","","","",72,85,54,52,35,7,14,95,75,56,26,14,3,15,81,83,78,52,6,8,10,96,87,88,56,48,23,9,96,85,87,84,48,26,48,"","","","","","","","","","","","","","","","","","","","","","","","","","","","","","","","","","","","","","","","","","","","","","","","","","","","","","","","","","","","","","","","","","","","","","","","","","","","","","","","","","","","","","","","","","","","","","","","","","","","","","","","","","","","","","","","","","","","","","","","","","","","","","","","","","","","","","","","","","","","","","","","","","","","","","","","","","","","","","","","","","","","","","","","","","","","","","","","","","","","","","","","","","","","","","","","","","","","","","","","","","","","","","","","","","","","","","","","","","","","","","","","","","","","","","","","","","","","","","","","","","","","","","","","","","","","","","","","","","","","","","","","","","","","","","","","","","","","","","","","","","","","","","","","","","","","","","","","","","","","","","","","","","","","","","","","","","","","","","","","","","","","","","","","","","","","","","","","","","","","","","","","","","","","","","","","","","","","","","","","","","","","","","","","","","","","","","","","","","","","","","","","","","","","","","","","","","","","","","","","","","","","","","","","","","","","","","","","","","","","","","","","","","","","","","","","","","","","","","","","","","","","","","","","","","","","","","","","","","","","","","","","","","","","","","","","","","","","","","","","","","","","","","","","","","","","","","","","","","","","","","","","","","","","","","","","","","","","","","","","","","","","","","","","","","","","","","","","","","","","","","","","","","","","","","","","","","","","","","","","","","","","","","","","","","","","","","","","","","","","","","","","","","","","","","","","","","","","",2022-02-03-16-00,2022-02-03-16-12,12,
s.0392aef3-aba8-4316-babd-c4a6f6fa1f2b.txt,29,Male,2,"","","","","","","","","","","","","","","","","","","","","","","","","","","","","","","","","","","","","","","","","","","","","","","","","","","","","","","","","","","","","","","","","","","","","","","","","","","","","","","","","","","","","","","","","","","","","","","","","","","","","","","","","","","","","","","","","","","","","","","","","","","","","","","","","","","","","","","","","","","","",85,89,53,21,13,16,1,92,92,72,6,9,0,2,73,84,70,55,29,29,17,94,95,93,22,18,18,22,80,31,64,26,25,18,21,"","","","","","","","","","","","","","","","","","","","","","","","","","","","","","","","","","","",100,88,68,41,19,8,13,76,65,70,25,13,13,2,78,71,81,28,11,9,0,81,84,80,46,21,37,15,91,76,80,35,19,16,10,"","","","","","","","","","","","","","","","","","","","","","","","","","","","","","","","","","","","","","","","","","","","","","","","","","","","","","","","","","","","","","","","","","","","","","","","","","","","","","","","","","","","","","","","","","","","","","","","","","","","","","","","","","","","","","","","","","","","","","","","","","","","","","","","","","","","","","","","","","","","","","","","","","","","","","","","","","","","","","","","","","","","","","","","","","","","","","","","","","","","","","","","","","","","","","","","","","","","","","","","","","","","","","","","","","","","","","","","","","","","","","","","","","","","","","","","","","","","","","","","","","","","","","","","","","","","","","","","","","","","","","","","","","","","","","","","","","","","","","","","","","","","","","","","","","","","","","","","","","","","","","","","","","","","","","","","","","","","","","","","","","","","","","","","","","","","","","","","","","","","","","","","","","","","","","","","","","","","","","","","","","","","","","","","","","","","","","","","","","","","","","","","","","","","","","","","","","","","","","","","","","","","","","","","","","","","","","","","","","","","","","","","","","","","","","","","","","","","","","","","","","","","","","","","","","","","","","","","","","","","","","","","","","","","","","","","","","","","","","","","","","","","","","","","","","","","","","","","","","","","","","","","","","","","","","","","","","","","","","","","","","","","","","","","","","","","","","","","","","","","","","","","","","","","","","","","","","","","","","","","","","","","","","","","","","","","","","","","","","","","","","","","","","","","","","","","","","","","",2022-02-02-20-57,2022-02-02-21-06,9,
s.3a761381-cd57-4a3a-b167-e977c570a3df.txt,36,Female,2,"","","","","","","","","","","","","","","","","","","","","","","","","","","","","","","","","","","","","","","","","","","","","","","","","","","","","","","","","","","","","","","","","","","","","","","","","","","","","","","","","","","","","","","","","","","","","","","","","","","","","","","","","","","","","","","","","","","","","","","","","","","","","","","","","","","","","","","","","","","","","","","","","","","","","","","","","","","","","","","","","","","","","","","","","","","","","","","","","","","","","","","","","","","","","","","","","","","","","","","","","","","","","","","","","","","","","","","","","","","","","","","","","","","","","","","","","","","","","","","","","","","","","","","","","","","","","","","","","","","","","","","","","","","","","","","","","","","","","","","","","","","","","","","","","","","","","","","","","","","","","","","","","","","","","","","","","","","","","","","","","","","","","","","","","","","","","","","","","","","","","","","","","","","","","","","","","","","","","","","","","","","","","","","","","","","","","","","","","","","","","","","","","","","","","","","","","","","","","","","","","","","","","","","","","","","","","","","","","","","","",2,"","","","","","","","","","","","","","","","","","","","","","","","","","","","","","","","","","","","","","","","","","","","","","","","","","","","","","","","","","","","","","","","","","","","","","","","","","","","","","","","","","","","","","","","","","","","","","","","","","","","","","","","","","","","","","","","","","","","","","","","","","","","","","","","","","","","","","","","","","","","",8,0,15,74,84,100,100,0,31,72,100,100,100,100,6,0,26,100,100,100,100,36,0,35,42,68,84,95,2,0,0,52,84,100,88,100,100,88,49,0,0,14,11,35,100,87,100,100,100,7,3,44,80,76,100,100,26,38,67,63,88,100,97,91,85,100,88,74,27,18,78,100,86,67,0,0,0,100,61,0,0,0,0,0,81,100,67,0,0,0,0,100,100,62,61,0,0,0,100,100,71,22,0,0,0,100,100,57,40,0,0,0,100,53,47,0,0,0,0,100,72,60,19,0,0,0,94,67,40,31,9,0,0,0,0,0,0,0,47,62,"","","","","","","","","","","","","","","","","","","","","","","","","","","","","","","","","","","","","","","","","","","","","","","","","","","","","","","","","","","","","","","","","","","","","","","","","","","","","","","","","","","","","","","","","","","","","","","","","","","","","","","","","","","","","","","","","","","","","","","","","","","","","","","","","","","","","","","","","","","","",2022-03-04-19-21,2022-03-04-19-38,17,
s.f2d5c0dc-c7b1-4f4a-a785-6375e644895a.txt,29,Male,4,"","","","","","","","","","","","","","","","","","","","","","","","","","","","","","","","","","","","","","","","","","","","","","","","","","","","","","","","","","","","","","","","","","","","","","","","","","","","","","","","","","","","","","","","","","","","","","","","","","","","","","","","","","","","","","","","","","","","","","","","","","","","","","","","","","","","","","","","","","","","","","","","","","","","","","","","","","","","","","","","","","","","","","","","","","","","","","","","","","","","","","","","","","","","","","","","","","","","","","","","","","","","","","","","","","","","","","","","","","","","","","","","","","","","","","","","","","","","","","","","","","","","","","","","","","","","","","","","","","","","","","","","","","","","","","","","","","","","","","","","","","","","","","","","","",4,1,1,1,1,2,2,4,4,4,4,4,2,2,2,4,1,1,1,2,4,4,4,1,1,1,"","","","","","","","","","","","","","","","","","","","","","","","","","","","","","","","","","","",2,2,2,4,1,1,1,2,2,4,4,1,1,1,2,2,4,1,1,1,1,2,4,4,4,4,1,1,2,2,2,4,1,1,1,"","","","","","","","","","","","","","","","","","","","","","","","","","","","","","","","","","","","","","","","","","","","","","","","","","","","","","","","","","","","","","","","","","","","","","","","","","","","","","","","","","","","","","","","","","","","","","","","","","","","","","","","","","","","","","","","","","","","","","","","","","","","","","","","","","","","","","","","","","","","","","","","","","","","","","","","","","","","","","","","","","","","","","","","","","","","","","","","","","","","","","","","","","","","","","","","","","","","","","","","","","","","","","","","","","","","","","","","","","","","","","","","","","","","","","","","","","","","","","","","","","","","","","","","","","","","","","","","","","","","","","","","","","","","","","","","","","","","","","","","","","","","","","","","","","","","","","","","","","","","","","","","","","","","","","","","","","","","","","","","","","","","","","","","","","","","","","","","","","","","","","","","","","","","","","","","","","","","","","","","","","","","","","","","","","","","","","","","","","","","","","","","","","","","","","","","","","","","","","","","","","","","","","","","","","","","","","","","","","","","","","","","","","","","","","","","","","","","","","","","","","","","","","","","","","","","","","","","",2022-02-02-19-26,2022-02-02-19-34,8,
s.a01896c4-32cf-4b06-b05b-2b3850566942.txt,25,Woman,1,2,2,2,1,1,1,1,2,2,2,2,1,1,1,2,2,2,2,2,1,1,2,2,2,2,1,1,1,2,2,2,1,1,1,1,"","","","","","","","","","","","","","","","","","","","","","","","","","","","","","","","","","","",2,2,2,1,1,1,1,2,2,2,1,1,1,1,2,2,2,1,1,1,1,2,2,2,2,1,1,1,2,2,2,2,1,1,1,"","","","","","","","","","","","","","","","","","","","","","","","","","","","","","","","","","","","","","","","","","","","","","","","","","","","","","","","","","","","","","","","","","","","","","","","","","","","","","","","","","","","","","","","","","","","","","","","","","","","","","","","","","","","","","","","","","","","","","","","","","","","","","","","","","","","","","","","","","","","","","","","","","","","","","","","","","","","","","","","","","","","","","","","","","","","","","","","","","","","","","","","","","","","","","","","","","","","","","","","","","","","","","","","","","","","","","","","","","","","","","","","","","","","","","","","","","","","","","","","","","","","","","","","","","","","","","","","","","","","","","","","","","","","","","","","","","","","","","","","","","","","","","","","","","","","","","","","","","","","","","","","","","","","","","","","","","","","","","","","","","","","","","","","","","","","","","","","","","","","","","","","","","","","","","","","","","","","","","","","","","","","","","","","","","","","","","","","","","","","","","","","","","","","","","","","","","","","","","","","","","","","","","","","","","","","","","","","","","","","","","","","","","","","","","","","","","","","","","","","","","","","","","","","","","","","","","","","","","","","","","","","","","","","","","","","","","","","","","","","","","","","","","","","","","","","","","","","","","","","","","","","","","","","","","","","","","","","","","","","","","","","","","","","","","","","","","","","","","","","","","","","","","","","","","","","","","","","","","","","","","","","","","","","","","","","","","","","","","","","","","","","","","","","","","","","","","","","","","","","","","","","","","","","","","","","","","","","","","","","","","","","","","","","","","","","","","","","","","","","","","","","","","","","","","","","","","","","","","","","","","","","","","","","","","","","","","","","","","","","","","","","","","","","","","","","","","","","","","","","","","","","","","","","","","","","","","","","","","","","","","","","","","","","","","","","","","","","",2022-02-03-15-59,2022-02-03-16-06,7,
s.255a416d-3cf5-49cd-a039-1a2c9b56b5e3.txt,29,Male,5,"","","","","","","","","","","","","","","","","","","","","","","","","","","","","","","","","","","","","","","","","","","","","","","","","","","","","","","","","","","","","","","","","","","","","","","","","","","","","","","","","","","","","","","","","","","","","","","","","","","","","","","","","","","","","","","","","","","","","","","","","","","","","","","","","","","","","","","","","","","","","","","","","","","","","","","","","","","","","","","","","","","","","","","","","","","","","","","","","","","","","","","","","","","","","","","","","","","","","","","","","","","","","","","","","","","","","","","","","","","","","","","","","","","","","","","","","","","","","","","","","","","","","","","","","","","","","","","","","","","","","","","","","","","","","","","","","","","","","","","","","","","","","","","","","","","","","","","","","","","","","","","","","","","","","","","","","","","","","","","","","","","","","","","","","","","","","","","","","","","","","","","","","","","","","","","","","","","","","","","","","","","","","","","","","","","","","","","","","","","","","","","","","","","","","","","","","","","","","","","","","","","","","","","","","","","","","","","","","","","","","","","","","","","","","","","","","","","","","","","","","","","","","","","","","","","","","","","","","","","","","","","","","","","","","","","","","","","","","","","","","","","","","","","","","","","","","","","","","","","","","","","","","","","","","","","","","","","","","","","","","","","","","","","","","","","","","","","","","","","","","","","","","","","","","","","","","","","","","","","","","","","","","","","","","","","","","","","","","","","","","","","","","","","","","","","","","","","","","","","","","","","","","","","","","","","","","","","","","","","","","","","","","","","","","","","","","","","","","","","","","","","","","","","","","","","","","","","","","","","","","","","","","","","","","","","","","","","","","","","","","","","","","","","","","","","","","","","","","","","","","","","","","","","","","","","","","","","","","","","","","","","","","","","","","","","","","","","","","","","","","","","","","","","","","","","","","","","","","","","","","","","","","","","","","","","","","","","","","","","","","","","","","","","","","","","","","","","","","","","","","","","","","","","","","","","","","","","","","","","","","","","","","","","","","","","","","","","","","","","","","",2022-01-31-19-41,2022-01-31-19-48,7,
s.2422ccff-8985-4c3f-9f0b-008fe493ca5f.txt,34,female,4,"","","","","","","","","","","","","","","","","","","","","","","","","","","","","","","","","","","","","","","","","","","","","","","","","","","","","","","","","","","","","","","","","","","","","","","","","","","","","","","","","","","","","","","","","","","","","","","","","","","","","","","","","","","","","","","","","","","","","","","","","","","","","","","","","","","","","","","","","","","","","","","","","","","","","","","","","","","","","","","","","","","","","","","","","","","","","","","","","","","","","","","","","","","","","","","","","","","","","","","","","","","","","","","","","","","","","","","","","","","","","","","","","","","","","","","","","","","","","","","","","","","","","","","","","","","","","","","","","","","","","","","","","","","","","","","","","","","","","","","","","","","","","","","","","","","","","","","","","","","","","","","","","","","","","","","","","","","","","","","","","","","","","","","","","","","","","","","","","","","","","","","","","","","","","","","","","","","","","","","","","","","","","","","","","","","","","","","","","","","","","","","","","","","","","","","","","","","","","","","","","","","","","","","","","","","","","","","","","","","","","","","","","","","","","","","","","","","","","","","","","","","","","","","","","","","","","","","","","","","","","","","","","","","","","","","","","","","","","","","","","","","","","","","","","","","","","","","","","","","","","","","","","","","","","","","","","","","","","","","","","","","","","","","","","","","","","","","","","","","","","","","","","","","","","","","","","","","","","","","","","","","","","","","","","","","","","","","","","","","","","","","","","","","","","","","","","","","","","","","","","","","","","","","","","","","","","","","","","","","","","","","","","","","","","","","","","","","","","","","","","","","","","","","","","","","","","","","","","","","","","","","","","","","","","","","","","","","","","","","","","","","","","","","","","","","","","","","","","","","","","","","","","","","","","","","","","","","","","","","","","","","","","","","","","","","","","","","","","","","","","","","","","","","","","","","","","","","","","","","","","","","","","","","","","","","","","","","","","","","","","","","","","","","","","","","","","","","","","","","","","","","","","","","","","","","","","","","","","","","","","","","","","","","","","","","","","","","","","","","","","",2022-01-31-21-42,2022-01-31-21-57,15,
s.6a62d0bd-b4dd-497e-b042-fba24710ccb2.txt,35,Female,2,"","","","","","","","","","","","","","","","","","","","","","","","","","","","","","","","","","","","","","","","","","","","","","","","","","","","","","","","","","","","","","","","","","","","","","","","","","","","","","","","","","","","","","","","","","","","","","","","","","","","","","","","","","","","","","","","","","","","","","","","","","","","","","","","","","","","","","","","","","","","",100,100,50,67,71,17,0,100,64,57,76,0,0,0,87,83,86,81,68,69,0,100,100,83,58,9,0,0,93,83,74,65,9,0,0,"","","","","","","","","","","","","","","","","","","","","","","","","","","","","","","","","","","",100,75,86,68,37,15,14,71,76,71,62,47,37,33,91,85,79,68,41,9,1,100,80,74,98,74,45,37,82,100,100,99,37,2,31,"","","","","","","","","","","","","","","","","","","","","","","","","","","","","","","","","","","","","","","","","","","","","","","","","","","","","","","","","","","","","","","","","","","","","","","","","","","","","","","","","","","","","","","","","","","","","","","","","","","","","","","","","","","","","","","","","","","","","","","","","","","","","","","","","","","","","","","","","","","","","","","","","","","","","","","","","","","","","","","","","","","","","","","","","","","","","","","","","","","","","","","","","","","","","","","","","","","","","","","","","","","","","","","","","","","","","","","","","","","","","","","","","","","","","","","","","","","","","","","","","","","","","","","","","","","","","","","","","","","","","","","","","","","","","","","","","","","","","","","","","","","","","","","","","","","","","","","","","","","","","","","","","","","","","","","","","","","","","","","","","","","","","","","","","","","","","","","","","","","","","","","","","","","","","","","","","","","","","","","","","","","","","","","","","","","","","","","","","","","","","","","","","","","","","","","","","","","","","","","","","","","","","","","","","","","","","","","","","","","","","","","","","","","","","","","","","","","","","","","","","","","","","","","","","","","","","","","","","","","","","","","","","","","","","","","","","","","","","","","","","","","","","","","","","","","","","","","","","","","","","","","","","","","","","","","","","","","","","","","","","","","","","","","","","","","","","","","","","","","","","","","","","","","","","","","","","","","","","","","","","","","","","","","","","","","","","","","","","","","","","","","","","","","","","","","","","","","","",2022-02-03-12-00,2022-02-03-12-09,9,
s.b11bd37f-e5cb-48fc-8938-41f2aeca1899.txt,30,Male,4,"","","","","","","","","","","","","","","","","","","","","","","","","","","","","","","","","","","","","","","","","","","","","","","","","","","","","","","","","","","","","","","","","","","","","","","","","","","","","","","","","","","","","","","","","","","","","","","","","","","","","","","","","","","","","","","","","","","","","","","","","","","","","","","","","","","","","","","","","","","","","","","","","","","","","","","","","","","","","","","","","","","","","","","","","","","","","","","","","","","","","","","","","","","","","","","","","","","","","","","","","","","","","","","","","","","","","","","","","","","","","","","","","","","","","","","","","","","","","","","","","","","","","","","","","","","","","","","","","","","","","","","","","","","","","","","","","","","","","","","","","","","","","","","","","",4,4,1,1,1,2,4,2,1,1,2,4,2,2,2,4,1,1,1,4,4,4,4,1,1,1,"","","","","","","","","","","","","","","","","","","","","","","","","","","","","","","","","","","",2,2,4,2,1,1,1,2,2,4,1,1,1,1,2,2,4,1,1,1,1,2,2,4,4,4,1,4,2,2,2,4,4,1,1,"","","","","","","","","","","","","","","","","","","","","","","","","","","","","","","","","","","","","","","","","","","","","","","","","","","","","","","","","","","","","","","","","","","","","","","","","","","","","","","","","","","","","","","","","","","","","","","","","","","","","","","","","","","","","","","","","","","","","","","","","","","","","","","","","","","","","","","","","","","","","","","","","","","","","","","","","","","","","","","","","","","","","","","","","","","","","","","","","","","","","","","","","","","","","","","","","","","","","","","","","","","","","","","","","","","","","","","","","","","","","","","","","","","","","","","","","","","","","","","","","","","","","","","","","","","","","","","","","","","","","","","","","","","","","","","","","","","","","","","","","","","","","","","","","","","","","","","","","","","","","","","","","","","","","","","","","","","","","","","","","","","","","","","","","","","","","","","","","","","","","","","","","","","","","","","","","","","","","","","","","","","","","","","","","","","","","","","","","","","","","","","","","","","","","","","","","","","","","","","","","","","","","","","","","","","","","","","","","","","","","","","","","","","","","","","","","","","","","","","","","","","","","","","","","","","","","","","","",2022-02-02-18-46,2022-02-02-18-54,8,
s.f68f2605-835a-43d4-b91d-6afc491fda40.txt,37,man,5,"","","","","","","","","","","","","","","","","","","","","","","","","","","","","","","","","","","","","","","","","","","","","","","","","","","","","","","","","","","","","","","","","","","","","","","","","","","","","","","","","","","","","","","","","","","","","","","","","","","","","","","","","","","","","","","","","","","","","","","","","","","","","","","","","","","","","","","","","","","","","","","","","","","","","","","","","","","","","","","","","","","","","","","","","","","","","","","","","","","","","","","","","","","","","","","","","","","","","","","","","","","","","","","","","","","","","","","","","","","","","","","","","","","","","","","","","","","","","","","","","","","","","","","","","","","","","","","","","","","","","","","","","","","","","","","","","","","","","","","","","","","","","","","","","","","","","","","","","","","","","","","","","","","","","","","","","","","","","","","","","","","","","","","","","","","","","","","","","","","","","","","","","","","","","","","","","","","","","","","","","","","","","","","","","","","","","","","","","","","","","","","","","","","","","","","","","","","","","","","","","","","","","","","","","","","","","","","","","","","","","","","","","","","","","","","","","","","","","","","","","","","","","","","","","","","","","","","","","","","","","","","","","","","","","","","","","","","","","","","","","","","","","","","","","","","","","","","","","","","","","","","","","","","","","","","","","","","","","","","","","","","","","","","","","","","","","","","","","","","","","","","","","","","","","","","","","","","","","","","","","","","","","","","","","","","","","","","","","","","","","","","","","","","","","","","","","","","","","","","","","","","","","","","","","","","","","","","","","","","","","","","","","","","","","","","","","","","","","","","","","","","","","","","","","","","","","","","","","","","","","","","","","","","","","","","","","","","","","","","","","","","","","","","","","","","","","","","","","","","","","","","","","","","","","","",man,woman,woman,woman,woman,man,man,man,woman,woman,woman,woman,man,man,man,woman,woman,woman,woman,man,man,man,woman,woman ,woman,woman,"","","","","","","","","","","","","","","","","","","","","","","","","","","","","","","","","","","",man,man,man,woman,woman,woman,woman,man,woman,woman,woman,woman,woman,woman,man,man,man ,man,woman,woman,woman,man,man,man,man,woman,woman,woman,man,man,man,man,man,woman,woman,"","","","","","","","","","","","","","","","","","","","","","","","","","","","","","","","","","","",2022-02-04-12-47,2022-02-04-14-04,77,
s.19bbf313-cce8-4ad8-960e-c2ea6d1e1b43.txt,25,Questioning,2,"","","","","","","","","","","","","","","","","","","","","","","","","","","","","","","","","","","","","","","","","","","","","","","","","","","","","","","","","","","","","","","","","","","","","","","","","","","","","","","","","","","","","","","","","","","","","","","","","","","","","","","","","","","","","","","","","","","","","","","","","","","","","","","","","","","","","","","","","","","","","","","","","","","","","","","","","","","","","","","","","","","","","","","","","","","","","","","","","","","","","","","","","","","","","","","","","","","","","","","","","","","","","","","","","","","","","","","","","","","","","","","","","","","","","","","","","","","","","","","","","","","","","","","","","","","","","","","","","","","","","","","","","","","","","","","","","","","","","","","","","","","","","","","","","","","","","","","","","","","","","","","","","","","","","","","","","","","","","","","","","","","","","","","","","","","","","","","","","","","","","","","","","","","","","","","","","","","","","","","","","","","","","","","","","","","","","","","","","","","","","","","","","","","","","","","","","","","","","","","","","","","","","","","","","","","","","","","","","","","","","","","","","","","","","","","","","","","","","","","","","","","","","","","","","","","","","","","","","","","","","","","","","","","","","","","","","","","","","","","","","","","","","","","","","","","","","","","","","","","","","","","","","","","","","","","","","","","","","","","","","","","","","","","","","","","","","","","","","","","","","","","","","","","","","","","","","","","","","","","","","","","","","","","","","","","","","","","","","","","","","","","","","","","","","","","","","","","","","","","","","","","","","","","","","","","","","","","","","","","","","","","","","","","","","","","","","","","","","","","","","","","","","","","","","","","","","","","","","","","","","","","","","","","","","","","","","","","","","","","","","","","","","","","","","","","","","","","","","","","","","","","","","","","","","","","","","","","","","","","","","","","","","","","","","","","","","","","","","","","","","","","","","","","","","","","","","","","","","","","","","","","","","","","","","","","","","","","","","","","","","","","","","","","","","","","","","","","","","","","","","","","","","","","","","","","","","","","","","","","","","","","","","","","","","","","","","","","","","","","","","",2022-01-31-13-58,2022-01-31-14-06,8,
s.a3864942-a4b0-48d5-b4f8-91f0fe701e8d.txt,23,Man,5,"","","","","","","","","","","","","","","","","","","","","","","","","","","","","","","","","","","","","","","","","","","","","","","","","","","","","","","","","","","","","","","","","","","","","","","","","","","","","","","","","","","","","","","","","","","","","","","","","","","","","","","","","","","","","","","","","","","","","","","","","","","","","","","","","","","","","","","","","","","","","","","","","","","","","","","","","","","","","","","","","","","","","","","","","","","","","","","","","","","","","","","","","","","","","","","","","","","","","","","","","","","","","","","","","","","","","","","","","","","","","","","","","","","","","","","","","","","","","","","","","","","","","","","","","","","","","","","","","","","","","","","","","","","","","","","","","","","","","","","","","","","","","","","","","","","","","","","","","","","","","","","","","","","","","","","","","","","","","","","","","","","","","","","","","","","","","","","","","","","","","","","","","","","","","","","","","","","","","","","","","","","","","","","","","","","","","","","","","","","","","","","","","","","","","","","","","","","","","","","","","","","","","","","","","","","","","","","","","","","","","","","","","","","","","","","","","","","","","","","","","","","","","","","","","","","","","","","","","","","","","","","","","","","","","","","","","","","","","","","","","","","","","","","","","","","","","","","","","","","","","","","","","","","","","","","","","","","","","","","","","","","","","","","","","","","","","","","","","","","","","","","","","","","","","","","","","","","","","","","","","","","","","","","","","","","","","","","","","","","","","","","","","","","","","","","","","","","","","","","","","","","","","","","","","","","","","","","","","","","","","","","","","","","","","","","","","","","","","","","","","","","","","","","","","","","","","","","","","","","","","","","","","","","","","","","","","","","","","","","","","","","","","","","","","","","","","","","","","","","","","","","","","","","","","","",Woman,Woman,Woman,Woman,Woman,Woman,man,man,man,Woman,Woman,Woman,man,man,man,Woman,Woman,Woman,Woman,man,Woman,Woman,Woman,Woman,Woman,Woman,"","","","","","","","","","","","","","","","","","","","","","","","","","","","","","","","","","","",man,man,Woman,Woman,Woman,Woman,Woman,man,man,Woman,Woman,Woman,Woman,Woman,man,man,Woman,Woman,Woman,Woman,Woman,man,man,man,man,Woman,Woman,Woman,man,man,man,man,Woman,Woman,Woman,"","","","","","","","","","","","","","","","","","","","","","","","","","","","","","","","","","","",2022-02-03-12-31,2022-02-03-12-41,10,
s.21e65c1b-b397-43d5-9dde-5c9dbdfdc723.txt,23,Male,5,"","","","","","","","","","","","","","","","","","","","","","","","","","","","","","","","","","","","","","","","","","","","","","","","","","","","","","","","","","","","","","","","","","","","","","","","","","","","","","","","","","","","","","","","","","","","","","","","","","","","","","","","","","","","","","","","","","","","","","","","","","","","","","","","","","","","","","","","","","","","","","","","","","","","","","","","","","","","","","","","","","","","","","","","","","","","","","","","","","","","","","","","","","","","","","","","","","","","","","","","","","","","","","","","","","","","","","","","","","","","","","","","","","","","","","","","","","","","","","","","","","","","","","","","","","","","","","","","","","","","","","","","","","","","","","","","","","","","","","","","","","","","","","","","","","","","","","","","","","","","","","","","","","","","","","","","","","","","","","","","","","","","","","","","","","","","","","","","","","","","","","","","","","","","","","","","","","","","","","","","","","","","","","","","","","","","","","","","","","","","","","","","","","","","","","","","","","","","","","","","","","","","","","","","","","","","","","","","","","","","","","","","","","","","","","","","","","","","","","","","","","","","","","","","","","","","","","","","","","","","","","","","","","","","","","","","","","","","","","","","","","","","","","","","","","","","","","","","","","","","","","","","","","","","","","","","","","","","","","","","","","","","","","","","","","","","","","","","","","","","","","","","","","","","","","","","","","","","","","","","","","","","","","","","","","","","","","","","","","","","","","","","","","","","","","","","","","","","","","","","","","","","","","","","","","","","","","","","","","","","","","","","","","","","","","","","","","","","","","","","","","","","","","","","","","","","","","","","","","","","","","","","","","","","","","","","","","","","","","","","","","","","","","","","","","","","","","","","","","","","","","","","","","","","","","",Male,Female,Female,Female,Female,Male,Male,Male,Female,Female,Female,Female,Male,Male,Male,Male,Female,Female,Female,Male,Male,Female,Female,Female,Female,Female,"","","","","","","","","","","","","","","","","","","","","","","","","","","","","","","","","","","",Male,Male,Male,Female,Female,Female,Female,Male,Male,Female,Female,Female,Female,Female,Male,Male,Female,Female,Female,Female,Female,Male,Male,Male,Male,Female,Female,Female,Male,Male,Male,"",Female,Female,Female,"","","","","","","","","","","","","","","","","","","","","","","","","","","","","","","","","","","",2022-02-03-15-59,2022-02-03-16-10,11,
s.24677d42-06a9-454c-8b98-916a937dcf7f.txt,29,woman,4,"","","","","","","","","","","","","","","","","","","","","","","","","","","","","","","","","","","","","","","","","","","","","","","","","","","","","","","","","","","","","","","","","","","","","","","","","","","","","","","","","","","","","","","","","","","","","","","","","","","","","","","","","","","","","","","","","","","","","","","","","","","","","","","","","","","","","","","","","","","","","","","","","","","","","","","","","","","","","","","","","","","","","","","","","","","","","","","","","","","","","","","","","","","","","","","","","","","","","","","","","","","","","","","","","","","","","","","","","","","","","","","","","","","","","","","","","","","","","","","","","","","","","","","","","","","","","","","","","","","","","","","","","","","","","","","","","","","","","","","","","","","","","","","","","",2,3,3,1,1,2,2,2,2,1,1,1,2,2,2,2,1,1,1,2,2,2,2,1,1,1,"","","","","","","","","","","","","","","","","","","","","","","","","","","","","","","","","","","",2,2,2,2,1,1,1,2,2,2,2,1,1,1,2,2,2,1,1,1,1,2,2,2,2,1,1,1,2,2,2,2,1,1,1,"","","","","","","","","","","","","","","","","","","","","","","","","","","","","","","","","","","","","","","","","","","","","","","","","","","","","","","","","","","","","","","","","","","","","","","","","","","","","","","","","","","","","","","","","","","","","","","","","","","","","","","","","","","","","","","","","","","","","","","","","","","","","","","","","","","","","","","","","","","","","","","","","","","","","","","","","","","","","","","","","","","","","","","","","","","","","","","","","","","","","","","","","","","","","","","","","","","","","","","","","","","","","","","","","","","","","","","","","","","","","","","","","","","","","","","","","","","","","","","","","","","","","","","","","","","","","","","","","","","","","","","","","","","","","","","","","","","","","","","","","","","","","","","","","","","","","","","","","","","","","","","","","","","","","","","","","","","","","","","","","","","","","","","","","","","","","","","","","","","","","","","","","","","","","","","","","","","","","","","","","","","","","","","","","","","","","","","","","","","","","","","","","","","","","","","","","","","","","","","","","","","","","","","","","","","","","","","","","","","","","","","","","","","","","","","","","","","","","","","","","","","","","","","","","","","","","","","","",2022-02-04-13-20,2022-02-04-13-25,5,
s.6722c35c-134a-42e9-ac3d-60f9482c6022.txt,31,Male,2,"","","","","","","","","","","","","","","","","","","","","","","","","","","","","","","","","","","","","","","","","","","","","","","","","","","","","","","","","","","","","","","","","","","","","","","","","","","","","","","","","","","","","","","","","","","","","","","","","","","","","","","","","","","","","","","","","","","","","","","","","","","","","","","","","","","","","","","","","","","","","","","","","","","","","","","","","","","","","","","","","","","","","","","","","","","","","","","","","","","","","","","","","","","","","","","","","","","","","","","","","","","","","","","","","","","","","","","","","","","","","","","","","","","","","","","","","","","","","","","","","","","","","","","","","","","","","","","","","","","","","","","","","","","","","","","","","","","","","","","","","","","","","","","","","","","","","","","","","","","","","","","","","","","","","","","","","","","","","","","","","","","","","","","","","","","","","","","","","","","","","","","","","","","","","","","","","","","","","","","","","","","","","","","","","","","","","","","","","","","","","","","","","","","","","","","","","","","","","","","","","","","","","","","","","","","","","","","","","","","","","","","","","","","","","","","","","","","","","","","","","","","","","","","","","","","","","","","","","","","","","","","","","","","","","","","","","","","","","","","","","","","","","","","","","","","","","","","","","","","","","","","","","","","","","","","","","","","","","","","","","","","","","","","","","","","","","","","","","","","","","","","","","","","","","","","","","","","","","","","","","","","","","","","","","","","","","","","","","","","","","","","","","","","","","","","","","","","","","","","","","","","","","","","","","","","","","","","","","","","","","","","","","","","","","","","","","","","","","","","","","","","","","","","","","","","","","","","","","","","","","","","","","","","","","","","","","","","","","","","","","","","","","","","","","","","","","","","","","","","","","","","","","","","","","","","","","","","","","","","","","","","","","","","","","","","","","","","","","","","","","","","","","","","","","","","","","","","","","","","","","","","","","","","","","","","","","","","","","","","","","","","","","","","","","","","","","","","","","","","","","","","","","","","","","","","","","","","","","","","","","","","","","","","","","","","","","","","","","","","","","",2022-02-01-19-26,2022-02-01-19-33,7,
